Waste_type,Feedstock,E1_tech,E2_tech,E3_tech,E4_tech,M1_tech,M2_tech,Eth1_tech,Rd1_tech,Rd2_tech,Bj1_tech,Bj2_tech,Bj3_tech,Bj4_tech,Bj5_tech,Bj6_tech
Ag Residues,Barley straw,1,1,1,0,1,0,1,1,0,1,1,0,0,0,0
Ag Residues,Citrus residues,1,1,1,0,1,0,1,1,0,1,1,0,0,0,0
Ag Residues,Corn stover,1,1,1,0,1,0,1,1,0,1,1,0,0,0,0
Ag Residues,Cotton gin trash,1,1,1,0,1,0,1,1,0,1,1,0,0,0,0
Ag Residues,Cotton residue,1,1,1,0,1,0,1,1,0,1,1,0,0,0,0
Ag Residues,Noncitrus residues,1,1,1,0,1,0,1,1,0,1,1,0,0,0,0
Ag Residues,Oats straw,1,1,1,0,1,0,1,1,0,1,1,0,0,0,0
Ag Residues,Rice hulls,1,1,1,0,1,0,1,1,0,1,1,0,0,0,0
Ag Residues,Rice straw,1,1,1,0,1,0,1,1,0,1,1,0,0,0,0
Ag Residues,Sorghum stubble,1,1,1,0,1,0,1,1,0,1,1,0,0,0,0
Ag Residues,Sugarcane bagasse,1,1,1,0,1,0,1,1,0,1,1,0,0,0,0
Ag Residues,Sugarcane trash,1,1,1,0,1,0,1,1,0,1,1,0,0,0,0
Ag Residues,Tree nut residues,1,1,1,0,1,0,1,1,0,1,1,0,0,0,0
Ag Residues,Wheat straw,1,1,1,0,1,0,1,1,0,1,1,0,0,0,0
Animal Manure,"Hogs, 1000+ head",1,1,1,1,1,1,0,0,0,0,0,0,0,0,0
Animal Manure,"Milk cows, 500+ head",1,1,1,1,1,1,0,0,0,0,0,0,0,0,0
MSW,Food waste,1,1,1,1,1,1,0,0,1,0,0,0,0,0,0
Forest Residues,Other forest residue,1,1,1,0,1,0,1,1,1,1,1,1,1,1,1
Forest Residues,Other forest thinnings,1,1,1,0,1,0,1,1,1,1,1,1,1,1,1
Forest Residues,Primary mill residue,1,1,1,0,1,0,1,1,1,1,1,1,1,1,1
Forest Residues,Secondary mill residue,1,1,1,0,1,0,1,1,1,1,1,1,1,1,1
MSW,CD waste,1,1,1,1,1,1,1,1,1,1,1,1,1,1,1
MSW,MSW wood,1,1,1,1,1,1,1,1,1,1,1,1,1,1,1
MSW,Other MSW,1,1,1,1,1,1,0,0,0,0,0,0,0,0,0
MSW,Paper and paperboard,1,1,1,1,1,1,0,1,1,1,1,1,1,1,1
MSW,Plastics,1,1,1,0,1,0,0,1,1,0,0,0,0,0,0
MSW,Rubber and leather,1,1,1,0,1,0,0,0,0,0,0,0,0,0,0
MSW,Textiles,1,1,1,0,1,0,0,0,1,0,0,0,0,0,0
MSW,Yard trimmings,1,1,1,1,1,1,1,1,1,1,1,1,1,1,1
